{
  "$schema": "http://json-schema.org/draft-07/schema#",
  "$id": "http://example.com/example.json",
  "additionalProperties": true,
  "definitions": {
    "iso8601": {
      "type": "string",
      "description": "Similar to the standard date type, but each section after the year is optional. e.g. 2014-06-29 or 2023-04",
      "pattern": "^([1-2][0-9]{3}-[0-1][0-9]-[0-3][0-9]|[1-2][0-9]{3}-[0-1][0-9]|[1-2][0-9]{3})$"
    }
  },
  "properties": {
    "$schema": {
      "type": "// Required for out-of-the-box JSON Resume //",
      "description": "// Required for out-of-the-box JSON Resume //",
      "format": "// Required for out-of-the-box JSON Resume //"
    },
    "header": {
      "type": "object",
      "additionalProperties": true,
      "description": "Name, contact info, profiles, etc...",
      "properties": {
        "name": {
          "type": "string",
          "validated": false
        },
        "label": {
          "type": "string",
          "validated": false
        },
        "email": {
          "type": "string",
          "validated": "format is schema.email"
        },
        "bitmoji": {
          "type": "string",
          "validated": "URL (as per RFC 3986) to a image in JPEG or PNG format"
        },
        "contact": {
          "type": "object",
          "validated": true,
          "additionalProperties": true,
          "properties": {
            "phone": {
              "type": "string",
              "validated": false
            },
            "email": {
              "type": "string",
              "validated": false
            },
            "address": {
              "type": "string",
              "validated": false
            }
          }
        }
      }
    },
    "hx": {
      "type": "array",
      "additionalItems": false,
      "items": {
        "type": "object",
        "additionalProperties": true,
        "properties": {
          "company": {
            "type": "string",
            "validated": false
          },
          "companyUrl": {
            "type": "string",
            "validated": "Yes but not bothering with it yet"
          },
          "companyLocation": {
            "type": "string",
            "validated": false
          },
          "jobTitle": {
            "type": "string",
            "validated": false
          },
          "jobStartDate": {
            "myType": "string",
            "$ref": "#/definitions/iso8601"
          },
          "jobEndDate": {
            "myType": "string",
            "$ref": "#/definitions/iso8601"
          },
          "jobRoles": {
            "type": "array",
            "additionalItems": false,
            "items": {
              "type": "string",
              "validated": false
            }
          },
          "jobSummary": {
            "type": "string",
            "validated": false
          },
          "jobHighlights": {
            "type": "array",
            "additionalItems": false,
            "items": {
              "type": "string",
              "validated": false
            }
          }
        }
      }
    },
    "education": {
      "type": "array",
      "additionalItems": false,
      "items": {
        "type": "object",
        "additionalProperties": true,
        "properties": {
          "institution": {
            "type": "string",
            "description": "e.g. Massachusetts Institute of Technology"
          },
          "url": {
            "type": "string",
            "description": "e.g. http://facebook.example.com",
            "format": "uri"
          },
          "area": {
            "type": "string",
            "description": "e.g. Arts"
          },
          "studyType": {
            "type": "string",
            "description": "e.g. Bachelor"
          },
          "startDate": {
            "$ref": "#/definitions/iso8601"
          },
          "endDate": {
            "$ref": "#/definitions/iso8601"
          },
          "score": {
            "type": "string",
            "description": "grade point average, e.g. 3.67/4.0"
          },
          "courses": {
            "type": "array",
            "description": "List notable courses/subjects",
            "additionalItems": false,
            "items": {
              "type": "string",
              "description": "e.g. H1302 - Introduction to American history"
            }
          }
        }
      }
    },
    "skills": {
      "type": "array",
      "additionalItems": false,
      "items": {
        "type": "object",
        "additionalProperties": true,
        "properties": {
          "name": {
            "type": "string",
            "description": "e.g. Web Development"
          },
          "level": {
            "type": "string",
            "description": "// TODO: Need to either figure out how best to implement this as an INT or enumerate the string vals"
          },
          "keywords": {
            "type": "array",
            "description": "List some keywords pertaining to this skill",
            "additionalItems": false,
            "items": {
              "type": "string",
              "description": "e.g. HTML"
            }
          }
        }
      }
    },
    "interests": {
      "type": "array",
      "additionalItems": false,
      "items": {
        "type": "object",
        "additionalProperties": true,
        "properties": {
          "name": {
            "type": "string",
            "description": "e.g. Philosophy"
          },
          "keywords": {
            "type": "array",
            "additionalItems": false,
            "items": {
              "type": "string",
              "description": "e.g. Friedrich Nietzsche"
            }
          }
        }
      }
    },
    "references": {
      "type": "array",
      "description": "List references you have received",
      "additionalItems": false,
      "items": {
        "type": "object",
        "additionalProperties": true,
        "properties": {
          "name": {
            "type": "string",
            "description": "e.g. Timothy Cook"
          },
          "reference": {
            "type": "string",
            "description": "e.g. Joe blogs was a great employee, who turned up to work at least once a week. He exceeded my expectations when it came to doing nothing."
          }
        }
      }
    },
    "projects": {
      "type": "array",
      "description": "Specify career projects",
      "additionalItems": false,
      "items": {
        "type": "object",
        "additionalProperties": true,
        "properties": {
          "name": {
            "type": "string",
            "description": "e.g. The World Wide Web"
          },
          "description": {
            "type": "string",
            "description": "Short summary of project. e.g. Collated works of 2017."
          },
          "highlights": {
            "type": "array",
            "description": "Specify multiple features",
            "additionalItems": false,
            "items": {
              "type": "string",
              "description": "e.g. Directs you close but not quite there"
            }
          },
          "keywords": {
            "type": "array",
            "description": "Specify special elements involved",
            "additionalItems": false,
            "items": {
              "type": "string",
              "description": "e.g. AngularJS"
            }
          },
          "startDate": {
            "$ref": "#/definitions/iso8601"
          },
          "endDate": {
            "$ref": "#/definitions/iso8601"
          },
          "url": {
            "type": "string",
            "format": "uri",
            "description": "e.g. http://www.computer.org/csdl/mags/co/1996/10/rx069-abs.html"
          },
          "roles": {
            "type": "array",
            "description": "Specify your role on this project or in company",
            "additionalItems": false,
            "items": {
              "type": "string",
              "description": "e.g. Team Lead, Speaker, Writer"
            }
          },
          "entity": {
            "type": "string",
            "description": "Specify the relevant company/entity affiliations e.g. 'greenpeace', 'corporationXYZ'"
          },
          "type": {
            "type": "string",
            "description": " e.g. 'volunteering', 'presentation', 'talk', 'application', 'conference'"
          }
        }
      }
    },
    "meta": {
      "type": "object",
      "description": "The schema version and any other tooling configuration lives here",
      "additionalProperties": true,
      "properties": {
        "canonical": {
          "type": "string",
          "description": "URL (as per RFC 3986) to latest version of this document",
          "format": "uri"
        },
        "version": {
          "type": "string",
          "description": "A version field which follows semver - e.g. v1.0.0"
        },
        "lastModified": {
          "type": "string",
          "description": "Using ISO 8601 with YYYY-MM-DDThh:mm:ss"
        }
      }
    }
  }
}
